{"cameraMode":{"drawMode":0,"name":"Shaded","section":"Shading Mode"},"sceneLighting":true,"audioPlay":false,"sceneViewState":{"showFog":true,"showMaterialUpdate":false,"showSkybox":true,"showFlares":true,"showImageEffects":true,"showParticleSystems":true,"showVisualEffectGraphs":true,"m_FxEnabled":true},"in2DMode":false,"pivot":{"x":-4.664923191070557,"y":-1.7931404113769532,"z":2.0191102027893068},"rotation":{"x":0.46587955951690676,"y":0.023881373926997186,"z":-0.012581228278577328,"w":0.8844570517539978},"size":14.349836349487305,"orthographic":false}