{"cameraMode":{"drawMode":0,"name":"Shaded","section":"Shading Mode"},"sceneLighting":false,"audioPlay":false,"sceneViewState":{"showFog":true,"showMaterialUpdate":false,"showSkybox":false,"showFlares":true,"showImageEffects":true,"showParticleSystems":true,"showVisualEffectGraphs":true,"m_FxEnabled":true},"in2DMode":false,"pivot":{"x":-13.699999809265137,"y":6.389999866485596,"z":-1.7999999523162842},"rotation":{"x":0.46587955951690676,"y":0.023881373926997186,"z":-0.012581228278577328,"w":0.8844570517539978},"size":0.4330126941204071,"orthographic":false}