{"cameraMode":{"drawMode":0,"name":"Shaded","section":"Shading Mode"},"sceneLighting":false,"audioPlay":false,"sceneViewState":{"showFog":true,"showMaterialUpdate":false,"showSkybox":false,"showFlares":true,"showImageEffects":true,"showParticleSystems":true,"showVisualEffectGraphs":true,"m_FxEnabled":true},"in2DMode":false,"pivot":{"x":-0.6499999761581421,"y":0.3700000047683716,"z":4.670000076293945},"rotation":{"x":0.46587955951690676,"y":0.023881373926997186,"z":-0.012581228278577328,"w":0.8844570517539978},"size":1.6857848167419434,"orthographic":false}